"00701";"007";"01";"82";"04";"ARMSTRONG";"2508";"1";"BELGRANO"
"00702";"007";"02";"82";"04";"BOUQUET";"2523";"1";"BELGRANO"
"00703";"007";"03";"82";"04";"ITURRASPE";"0";"1";"BELGRANO"
"00704";"007";"04";"82";"04";"LA CALIFORNIA";"0";"1";"BELGRANO"
"00705";"007";"05";"82";"04";"LAS PAREJAS";"2505";"1";"BELGRANO"
"00706";"007";"06";"82";"04";"LAS ROSAS";"2520";"1";"BELGRANO"
"00707";"007";"07";"82";"04";"MONTES DE OCA";"2521";"1";"BELGRANO"
"00708";"007";"08";"82";"04";"TORTUGAS";"2512";"1";"BELGRANO"
"00799";"007";"99";"82";"04";"LOCALIDAD NO ESPECIFICADA";"0";"1";"BELGRANO"
"01401";"014";"01";"82";"04";"AREQUITO";"2183";"1";"CASEROS"
"01402";"014";"02";"82";"04";"ARTEAGA";"2187";"1";"CASEROS"
"01403";"014";"03";"82";"05";"BERABEVU";"2639";"1";"CASEROS"
"01404";"014";"04";"82";"04";"BIGAND";"2177";"1";"CASEROS"
"01405";"014";"05";"82";"05";"CANDELARIA SUR";"0";"1";"CASEROS"
"01406";"014";"06";"82";"04";"CASILDA";"2170";"1";"CASEROS"
"01407";"014";"07";"82";"05";"COLONIA HANSEN";"0";"1";"CASEROS"
"01408";"014";"08";"82";"05";"COLONIA LAGO DI COMO";"0";"1";"CASEROS"
"01409";"014";"09";"82";"05";"CUATRO ESQUINAS";"0";"1";"CASEROS"
"01410";"014";"10";"82";"04";"CHABAS";"2173";"1";"CASEROS"
"01411";"014";"11";"82";"05";"CHAÑAR LADEADO";"2643";"1";"CASEROS"
"01412";"014";"12";"82";"05";"DESMOCHADO AFUERA";"0";"1";"CASEROS"
"01413";"014";"13";"82";"05";"GODEKEN";"2639";"1";"CASEROS"
"01414";"014";"14";"82";"04";"LOS MOLINOS";"2181";"1";"CASEROS"
"01415";"014";"15";"82";"05";"LOS NOGALES";"0";"1";"CASEROS"
"01416";"014";"16";"82";"05";"LOS QUIRQUINCHOS";"2637";"1";"CASEROS"
"01417";"014";"17";"82";"04";"SANFORD";"2173";"1";"CASEROS"
"01418";"014";"18";"82";"04";"SAN JOSE DE LA ESQUINA";"2185";"1";"CASEROS"
"01419";"014";"19";"82";"05";"VILLADA";"2173";"1";"CASEROS"
"01499";"014";"99";"82";"05";"LOCALIDAD NO ESPECIFICADA";"0";"1";"CASEROS"
"02101";"021";"01";"82";"02";"ANGELICA";"2303";"1";"CASTELLANOS"
"02102";"021";"02";"82";"02";"ATALIVA";"2307";"1";"CASTELLANOS"
"02103";"021";"03";"82";"02";"AURELIA";"2318";"1";"CASTELLANOS"
"02104";"021";"04";"82";"02";"BELLA ITALIA";"2300";"1";"CASTELLANOS"
"02105";"021";"05";"82";"02";"BAUER Y SIGEL";"2403";"1";"CASTELLANOS"
"02106";"021";"06";"82";"02";"CLUCELLAS";"2407";"1";"CASTELLANOS"
"02107";"021";"07";"82";"02";"COLONIA ALDAO";"2317";"1";"CASTELLANOS"
"02108";"021";"08";"82";"02";"COLONIA BICHA";"2317";"1";"CASTELLANOS"
"02109";"021";"09";"82";"02";"COLONIA BIGAND";"2317";"1";"CASTELLANOS"
"02110";"021";"10";"82";"02";"COLONIA FRIAS";"0";"1";"CASTELLANOS"
"02111";"021";"11";"82";"02";"COLONIA HUGENTOBLER";"2317";"1";"CASTELLANOS"
"02112";"021";"12";"82";"02";"COLONIA ITURRASPE";"2407";"1";"CASTELLANOS"
"02113";"021";"13";"82";"02";"COLONIA CELLO";"2405";"1";"CASTELLANOS"
"02114";"021";"14";"82";"02";"JOSEFINA";"2403";"1";"CASTELLANOS"
"02115";"021";"15";"82";"02";"COLONIA MARGARITA";"2443";"1";"CASTELLANOS"
"02116";"021";"16";"82";"02";"COLONIA MAUA";"2311";"1";"CASTELLANOS"
"02117";"021";"17";"82";"02";"COLONIA TACURALES";"2324";"1";"CASTELLANOS"
"02118";"021";"18";"82";"02";"CORONEL FRAGA";"2301";"1";"CASTELLANOS"
"02119";"021";"19";"82";"02";"EGUSQUIZA";"2301";"1";"CASTELLANOS"
"02120";"021";"20";"82";"02";"ESMERALDA";"2456";"1";"CASTELLANOS"
"02121";"021";"21";"82";"02";"EUSTOLIA";"2407";"1";"CASTELLANOS"
"02122";"021";"22";"82";"02";"ESTACION CLUCELLAS";"2407";"1";"CASTELLANOS"
"02123";"021";"23";"82";"02";"ESTRADA";"0";"1";"CASTELLANOS"
"02124";"021";"24";"82";"02";"EUSEBIA";"2317";"1";"CASTELLANOS"
"02125";"021";"25";"82";"02";"FIDELA";"2407";"1";"CASTELLANOS"
"02126";"021";"26";"82";"02";"FRONTERA";"2301";"1";"CASTELLANOS"
"02127";"021";"27";"82";"02";"GALISTEO";"2317";"1";"CASTELLANOS"
"02128";"021";"28";"82";"02";"GARIBALDI";"2443";"1";"CASTELLANOS"
"02129";"021";"29";"82";"02";"HUMBERTO 1";"2309";"1";"CASTELLANOS"
"02130";"021";"30";"82";"02";"KILOMETRO 85";"0";"1";"CASTELLANOS"
"02131";"021";"31";"82";"02";"KILOMETRO 483";"0";"1";"CASTELLANOS"
"02132";"021";"32";"82";"02";"KILOMETRO 501";"0";"1";"CASTELLANOS"
"02133";"021";"33";"82";"02";"LEHMANN";"2305";"1";"CASTELLANOS"
"02134";"021";"34";"82";"02";"LOS SEMBRADOS";"0";"1";"CASTELLANOS"
"02135";"021";"35";"82";"02";"MANGORE";"0";"1";"CASTELLANOS"
"02136";"021";"36";"82";"02";"MARIA JUANA";"2445";"1";"CASTELLANOS"
"02137";"021";"37";"82";"02";"NUEVA LEHMANN";"0";"1";"CASTELLANOS"
"02138";"021";"38";"82";"02";"PRESIDENTE ROCA";"2301";"1";"CASTELLANOS"
"02139";"021";"39";"82";"02";"PUEBLO MARINI";"2301";"1";"CASTELLANOS"
"02140";"021";"40";"82";"02";"RAMONA";"2301";"1";"CASTELLANOS"
"02141";"021";"41";"82";"02";"RAFAELA";"2300";"1";"CASTELLANOS"
"02142";"021";"42";"82";"02";"COLONIA RAQUEL";"2309";"1";"CASTELLANOS"
"02143";"021";"43";"82";"02";"SAGUIER";"2301";"1";"CASTELLANOS"
"02144";"021";"44";"82";"02";"SAN ANTONIO";"2301";"1";"CASTELLANOS"
"02145";"021";"45";"82";"02";"SANTA CLARA DE SAGUIER";"2405";"1";"CASTELLANOS"
"02146";"021";"46";"82";"02";"SAN VICENTE";"2447";"1";"CASTELLANOS"
"02147";"021";"47";"82";"02";"SUNCHALES";"2322";"1";"CASTELLANOS"
"02148";"021";"48";"82";"02";"SUSANA";"2301";"1";"CASTELLANOS"
"02149";"021";"49";"82";"02";"TACURAL";"2324";"1";"CASTELLANOS"
"02150";"021";"50";"82";"02";"VILA";"2301";"1";"CASTELLANOS"
"02151";"021";"51";"82";"02";"VILLA SAN JOSE";"2301";"1";"CASTELLANOS"
"02152";"021";"52";"82";"02";"VIRGINIA";"2311";"1";"CASTELLANOS"
"02153";"021";"53";"82";"02";"ZENON PEREYRA";"2409";"1";"CASTELLANOS"
"02199";"021";"99";"82";"02";"LOCALIDAD NO ESPECIFICADA";"0";"1";"CASTELLANOS"
"02801";"028";"01";"82";"04";"ALCORTA";"2117";"1";"CONSTITUCION"
"02802";"028";"02";"82";"04";"BOMBAL";"2179";"1";"CONSTITUCION"
"02803";"028";"03";"82";"04";"CAÑADA RICA";"2105";"1";"CONSTITUCION"
"02804";"028";"04";"82";"04";"CEPEDA";"2921";"1";"CONSTITUCION"
"02805";"028";"05";"82";"04";"EMPALME V CONSTITUCION";"2918";"1";"CONSTITUCION"
"02806";"028";"06";"82";"04";"FRANCISCO PAZ";"0";"1";"CONSTITUCION"
"02807";"028";"07";"82";"04";"GENERAL GELLY";"2701";"1";"CONSTITUCION"
"02808";"028";"08";"82";"04";"GODOY";"2921";"1";"CONSTITUCION"
"02809";"028";"09";"82";"04";"JUAN B MOLINA";"2909";"1";"CONSTITUCION"
"02810";"028";"10";"82";"04";"JUNCAL";"2723";"1";"CONSTITUCION"
"02811";"028";"11";"82";"04";"LA VANGUARDIA";"3561";"1";"CONSTITUCION"
"02812";"028";"12";"82";"04";"MAXIMO PAZ";"2115";"1";"CONSTITUCION"
"02813";"028";"13";"82";"04";"PAVON";"2918";"1";"CONSTITUCION"
"02814";"028";"14";"82";"04";"PAVON ARRIBA";"2109";"1";"CONSTITUCION"
"02815";"028";"15";"82";"04";"PEYRANO";"2113";"1";"CONSTITUCION"
"02816";"028";"16";"82";"04";"RUEDA";"2921";"1";"CONSTITUCION"
"02817";"028";"17";"82";"04";"SANTA TERESA";"2111";"1";"CONSTITUCION"
"02818";"028";"18";"82";"04";"SARGENTO CABRAL";"2105";"1";"CONSTITUCION"
"02819";"028";"19";"82";"04";"STEPHENSON";"0";"1";"CONSTITUCION"
"02820";"028";"20";"82";"04";"THEOBALD";"2918";"1";"CONSTITUCION"
"02821";"028";"21";"82";"04";"VILLA CONSTITUCION";"2919";"1";"CONSTITUCION"
"02899";"028";"99";"82";"04";"LOCALIDAD NO ESPECIFICADA";"0";"1";"CONSTITUCION"
"03501";"035";"01";"82";"03";"CAMPO DEL MEDIO";"0";"1";"GARAY"
"03502";"035";"02";"82";"03";"CAMPO ITURRASPE";"0";"1";"GARAY"
"03503";"035";"03";"82";"03";"CAMPO YOSEN";"0";"1";"GARAY"
"03504";"035";"04";"82";"03";"CAYASTA";"3001";"1";"GARAY"
"03505";"035";"05";"82";"03";"COLONIA MASCIAS";"0";"1";"GARAY"
"03506";"035";"06";"82";"03";"COLONIA SAN JOAQUIN";"0";"1";"GARAY"
"03507";"035";"07";"82";"03";"EL LAUREL";"0";"1";"GARAY"
"03508";"035";"08";"82";"03";"LAS CAÑAS";"0";"1";"GARAY"
"03509";"035";"09";"82";"03";"HELVECIA";"3003";"1";"GARAY"
"03510";"035";"10";"82";"03";"LOS CERRILLOS";"0";"1";"GARAY"
"03511";"035";"11";"82";"03";"LOS ZAPALLOS";"0";"1";"GARAY"
"03512";"035";"12";"82";"03";"SALADERO MARIANO CABAL";"3003";"1";"GARAY"
"03513";"035";"13";"82";"03";"SANTA ROSA DE CALCHINES";"3001";"1";"GARAY"
"03514";"035";"14";"82";"03";"HELVECIA NORTE";NULL;"1";"GARAY"
"03516";"035";"16";"82";"03";"LAS CUATRO BOCAS";NULL;"1";"GARAY"
"03517";"035";"17";"82";"03";"LOS ALGARROBOS";NULL;"1";"GARAY"
"03518";"035";"18";"82";"03";"EL MARTILLO";NULL;"1";"GARAY"
"03519";"035";"19";"82";"03";"LOS OMBUES";NULL;"1";"GARAY"
"03599";"035";"99";"82";"03";"LOCALIDAD NO ESPECIFICADA";"0";"1";"GARAY"
"04201";"042";"01";"82";"05";"AARON CASTELLANOS";"6106";"1";"GENERAL LOPEZ"
"04202";"042";"02";"82";"05";"AMENABAR";"6103";"1";"GENERAL LOPEZ"
"04203";"042";"03";"82";"05";"CAFFERATA";"2643";"1";"GENERAL LOPEZ"
"04204";"042";"04";"82";"05";"CAÑADA DEL UCLE";"2635";"1";"GENERAL LOPEZ"
"04205";"042";"05";"82";"05";"CARMEN";"2618";"1";"GENERAL LOPEZ"
"04206";"042";"06";"82";"05";"CARRERAS";"2729";"1";"GENERAL LOPEZ"
"04207";"042";"07";"82";"05";"COLONIA MORGAN";"0";"1";"GENERAL LOPEZ"
"04208";"042";"08";"82";"05";"CORONEL ROSETI";"0";"1";"GENERAL LOPEZ"
"04209";"042";"09";"82";"05";"4 DE FEBRERO";"2000";"1";"GENERAL LOPEZ"
"04210";"042";"10";"82";"05";"CHAPUY";"2603";"1";"GENERAL LOPEZ"
"04211";"042";"11";"82";"05";"CHOVET";"2633";"1";"GENERAL LOPEZ"
"04212";"042";"12";"82";"05";"DIEGO DE ALVEAR";"6036";"1";"GENERAL LOPEZ"
"04213";"042";"13";"82";"05";"EL CANTOR";"0";"1";"GENERAL LOPEZ"
"04214";"042";"14";"82";"05";"EL JARDIN";"0";"1";"GENERAL LOPEZ"
"04215";"042";"15";"82";"05";"ELORTONDO";"2732";"1";"GENERAL LOPEZ"
"04216";"042";"16";"82";"05";"ESTAC CHRISTOPHERSEN";"6039";"1";"GENERAL LOPEZ"
"04217";"042";"17";"82";"05";"FIRMAT";"2630";"1";"GENERAL LOPEZ"
"04218";"042";"18";"82";"05";"HUGHES";"2725";"1";"GENERAL LOPEZ"
"04219";"042";"19";"82";"05";"KILOMETRO 304";"0";"1";"GENERAL LOPEZ"
"04220";"042";"20";"82";"05";"KILOMETRO 433";"0";"1";"GENERAL LOPEZ"
"04221";"042";"21";"82";"05";"LABORDEBOY";"2726";"1";"GENERAL LOPEZ"
"04222";"042";"22";"82";"05";"LA ADELA";"0";"1";"GENERAL LOPEZ"
"04223";"042";"23";"82";"05";"LA CHISPA";"2601";"1";"GENERAL LOPEZ"
"04224";"042";"24";"82";"05";"LA PICASA";"0";"1";"GENERAL LOPEZ"
"04225";"042";"25";"82";"05";"LAZZARINO";"6103";"1";"GENERAL LOPEZ"
"04226";"042";"26";"82";"05";"MAGGIOLO";"2622";"1";"GENERAL LOPEZ"
"04227";"042";"27";"82";"05";"MARIA TERESA";"2609";"1";"GENERAL LOPEZ"
"04228";"042";"28";"82";"05";"MELINCUE";"2728";"1";"GENERAL LOPEZ"
"04229";"042";"29";"82";"05";"MERCEDITAS";"0";"1";"GENERAL LOPEZ"
"04230";"042";"30";"82";"05";"MURPHY";"2601";"1";"GENERAL LOPEZ"
"04231";"042";"31";"82";"05";"PUEBLO MIGUEL TORRES";"2631";"1";"GENERAL LOPEZ"
"04232";"042";"32";"82";"05";"RASTREADOR FOURNIER";"0";"1";"GENERAL LOPEZ"
"04233";"042";"33";"82";"05";"RUFINO";"6100";"1";"GENERAL LOPEZ"
"04234";"042";"34";"82";"05";"RUNCIMAN";"0";"1";"GENERAL LOPEZ"
"04235";"042";"35";"82";"05";"SANCTI SPIRITU";"2617";"1";"GENERAL LOPEZ"
"04236";"042";"36";"82";"05";"SAN EDUARDO";"2615";"1";"GENERAL LOPEZ"
"04237";"042";"37";"82";"05";"SAN FRANCISCO DE SANTA FE";"2601";"1";"GENERAL LOPEZ"
"04238";"042";"38";"82";"05";"SAN GREGORIO";"2613";"1";"GENERAL LOPEZ"
"04239";"042";"39";"82";"05";"SAN MARCELO";"0";"1";"GENERAL LOPEZ"
"04240";"042";"40";"82";"05";"SANTA EMILIA";"0";"1";"GENERAL LOPEZ"
"04241";"042";"41";"82";"05";"SANTA ISABEL";"2605";"1";"GENERAL LOPEZ"
"04242";"042";"42";"82";"05";"TARRAGONA";"0";"1";"GENERAL LOPEZ"
"04243";"042";"43";"82";"05";"TEODELINA";"6009";"1";"GENERAL LOPEZ"
"04244";"042";"44";"82";"05";"VENADO TUERTO";"2600";"1";"GENERAL LOPEZ"
"04245";"042";"45";"82";"05";"VILLA CAÑAS";"2607";"1";"GENERAL LOPEZ"
"04246";"042";"46";"82";"05";"VILLA DIVISA DE MAYO";"0";"1";"GENERAL LOPEZ"
"04247";"042";"47";"82";"05";"WHEELWRIGHT";"2722";"1";"GENERAL LOPEZ"
"04299";"042";"99";"82";"05";"LOCALIDAD NO ESPECIFICADA";"0";"1";"GENERAL LOPEZ"
"04901";"049";"01";"82";"01";"ARROYO CEIBAL";"3575";"1";"GENERAL OBLIGADO"
"04902";"049";"02";"82";"01";"AVELLANEDA";"3561";"1";"GENERAL OBLIGADO"
"04903";"049";"03";"82";"01";"BERNA";"3569";"1";"GENERAL OBLIGADO"
"04904";"049";"04";"82";"01";"CAMPO HARDY";"0";"1";"GENERAL OBLIGADO"
"04905";"049";"05";"82";"01";"CAMPO RANSEYER";"0";"1";"GENERAL OBLIGADO"
"04906";"049";"06";"82";"01";"CAMPO CORTI";"0";"1";"GENERAL OBLIGADO"
"04907";"049";"07";"82";"01";"CAMPO URDANIZ";"0";"1";"GENERAL OBLIGADO"
"04908";"049";"08";"82";"01";"CAMPO WINKLER";"0";"1";"GENERAL OBLIGADO"
"04909";"049";"09";"82";"01";"BARROS PAZOS";"0";"1";"GENERAL OBLIGADO"
"04910";"049";"10";"82";"01";"EL ARAZA";"3563";"1";"GENERAL OBLIGADO"
"04911";"049";"11";"82";"01";"EL CARMEN DE AVELLANEDA";"0";"1";"GENERAL OBLIGADO"
"04912";"049";"12";"82";"01";"EL RABON";"3592";"1";"GENERAL OBLIGADO"
"04913";"049";"13";"82";"01";"EL RICARDITO";"0";"1";"GENERAL OBLIGADO"
"04914";"049";"14";"82";"01";"EL SOMBRERITO";"3585";"1";"GENERAL OBLIGADO"
"04915";"049";"15";"82";"01";"EL TIMBO";"0";"1";"GENERAL OBLIGADO"
"04916";"049";"16";"82";"01";"FLOR DE ORO";"0";"1";"GENERAL OBLIGADO"
"04917";"049";"17";"82";"01";"FLORENCIA";"3516";"1";"GENERAL OBLIGADO"
"04918";"049";"18";"82";"01";"FORTIN ARENALES";"0";"1";"GENERAL OBLIGADO"
"04919";"049";"19";"82";"01";"GUADALUPE NORTE";"0";"1";"GENERAL OBLIGADO"
"04920";"049";"20";"82";"01";"GUASUNCHO";"0";"1";"GENERAL OBLIGADO"
"04921";"049";"21";"82";"01";"INGENIERO CHANOURDIE";"3575";"1";"GENERAL OBLIGADO"
"04922";"049";"22";"82";"01";"ISLETA";"0";"1";"GENERAL OBLIGADO"
"04923";"049";"23";"82";"01";"KILOMETRO 67";"0";"1";"GENERAL OBLIGADO"
"04924";"049";"24";"82";"01";"KILOMETRO 403";"0";"1";"GENERAL OBLIGADO"
"04925";"049";"25";"82";"01";"LA LOLA";"0";"1";"GENERAL OBLIGADO"
"04926";"049";"26";"82";"01";"LANTERI";"3575";"1";"GENERAL OBLIGADO"
"04927";"049";"27";"82";"01";"LA POTASA";"0";"1";"GENERAL OBLIGADO"
"04928";"049";"28";"82";"01";"LA RESERVA";"0";"1";"GENERAL OBLIGADO"
"04929";"049";"29";"82";"01";"LA SARITA";"3563";"1";"GENERAL OBLIGADO"
"04930";"049";"30";"82";"01";"LA SELVA";"0";"1";"GENERAL OBLIGADO"
"04931";"049";"31";"82";"01";"LA VANGUARDIA";"0";"1";"GENERAL OBLIGADO"
"04932";"049";"32";"82";"01";"LAS AMINTAS";"0";"1";"GENERAL OBLIGADO"
"04933";"049";"33";"82";"01";"LAS GARZAS";"3574";"1";"GENERAL OBLIGADO"
"04934";"049";"34";"82";"01";"LAS MERCEDES";"0";"1";"GENERAL OBLIGADO"
"04935";"049";"35";"82";"01";"LAS TOSCAS";"3586";"1";"GENERAL OBLIGADO"
"04936";"049";"36";"82";"01";"LOS LAPACHOS";"0";"1";"GENERAL OBLIGADO"
"04937";"049";"37";"82";"01";"LOS LAURELES";"3567";"1";"GENERAL OBLIGADO"
"04938";"049";"38";"82";"01";"MALABRIGO";"3572";"1";"GENERAL OBLIGADO"
"04939";"049";"39";"82";"01";"MOCOVI";"0";"1";"GENERAL OBLIGADO"
"04940";"049";"40";"82";"01";"MOUSSY";"0";"1";"GENERAL OBLIGADO"
"04941";"049";"41";"82";"01";"NICANOR F MOLINAS";"0";"1";"GENERAL OBLIGADO"
"04942";"049";"42";"82";"01";"PARAJE LA SIRENA";"0";"1";"GENERAL OBLIGADO"
"04943";"049";"43";"82";"01";"PASO VILLANUEVA";"0";"1";"GENERAL OBLIGADO"
"04944";"049";"44";"82";"01";"PUERTO OCAMPO";"0";"1";"GENERAL OBLIGADO"
"04945";"049";"45";"82";"01";"PUERTO RECONQUISTA";"0";"1";"GENERAL OBLIGADO"
"04946";"049";"46";"82";"01";"PUERTO PIRAGUACITO";"0";"1";"GENERAL OBLIGADO"
"04947";"049";"47";"82";"01";"RECONQUISTA";"3560";"1";"GENERAL OBLIGADO"
"04948";"049";"48";"82";"01";"SAN ANTONIO DE OBLIGADO";"3587";"1";"GENERAL OBLIGADO"
"04949";"049";"49";"82";"01";"SANTA ANA";"0";"1";"GENERAL OBLIGADO"
"04950";"049";"50";"82";"01";"TACUARENDI";"3587";"1";"GENERAL OBLIGADO"
"04951";"049";"51";"82";"01";"TRES BOCAS";"0";"1";"GENERAL OBLIGADO"
"04952";"049";"52";"82";"01";"VILLA ADELA";"0";"1";"GENERAL OBLIGADO"
"04953";"049";"53";"82";"01";"VILLA ANA";"3583";"1";"GENERAL OBLIGADO"
"04954";"049";"54";"82";"01";"VILLA GUILLERMINA";"3589";"1";"GENERAL OBLIGADO"
"04955";"049";"55";"82";"01";"VILLA OCAMPO";"3580";"1";"GENERAL OBLIGADO"
"04956";"049";"56";"82";"01";"SAN MANUEL";"0";"1";"GENERAL OBLIGADO"
"04957";"049";"57";"82";"01";"YAGUARETE";"0";"1";"GENERAL OBLIGADO"
"04958";"049";"58";"82";"01";"ISLAS EL COCAL";"0";"1";"GENERAL OBLIGADO"
"04959";"049";"59";"82";"01";"PARAJE 7 PROVINCIAS";NULL;"1";"GENERAL OBLIGADO"
"04960";"049";"60";"82";"01";"PARAJE SAN JUAN";"0";"1";"GENERAL OBLIGADO"
"04976";"049";"76";"82";"01";"CAMPO VIOLA";"0";"1";"GENERAL OBLIGADO"
"04999";"049";"99";"82";"01";"LOCALIDAD NO ESPECIFICADA";"0";"1";"GENERAL OBLIGADO"
"05601";"056";"01";"82";"04";"ANDINO";"2214";"1";"IRIONDO"
"05602";"056";"02";"82";"04";"BERRETA";"0";"1";"IRIONDO"
"05603";"056";"03";"82";"04";"BUSTINZA";"2501";"1";"IRIONDO"
"05604";"056";"04";"82";"04";"CAÑADA DE GOMEZ";"2500";"1";"IRIONDO"
"05605";"056";"05";"82";"04";"CLARKE-CARRIZALES";"2218";"1";"IRIONDO"
"05606";"056";"06";"82";"04";"CLASON";"2146";"1";"IRIONDO"
"05607";"056";"07";"82";"04";"CORREA";"2506";"1";"IRIONDO"
"05608";"056";"08";"82";"04";"COLONIA MEDICI";"0";"1";"IRIONDO"
"05609";"056";"09";"82";"04";"LARGUIA";"0";"1";"IRIONDO"
"05610";"056";"10";"82";"04";"LUCIO V LOPEZ";"2142";"1";"IRIONDO"
"05611";"056";"11";"82";"04";"OLIVEROS";"2206";"1";"IRIONDO"
"05612";"056";"12";"82";"04";"SALTO GRANDE";"2142";"1";"IRIONDO"
"05613";"056";"13";"82";"04";"SAN ESTANISLAO";"0";"1";"IRIONDO"
"05614";"056";"14";"82";"04";"SAN RICARDO";"0";"1";"IRIONDO"
"05615";"056";"15";"82";"04";"TOTORAS";"2144";"1";"IRIONDO"
"05616";"056";"16";"82";"04";"SERODINO";"2216";"1";"IRIONDO"
"05617";"056";"17";"82";"04";"VILLA ELOISA";"2503";"1";"IRIONDO"
"05699";"056";"99";"82";"04";"LOCALIDAD NO ESPECIFICADA";"0";"1";"IRIONDO"
"06301";"063";"01";"82";"03";"ALTO VERDE";"3000";"1";"LA CAPITAL"
"06302";"063";"02";"82";"03";"ANGEL GALLARDO";"0";"1";"LA CAPITAL"
"06303";"063";"03";"82";"03";"AROMOS";"0";"1";"LA CAPITAL"
"06304";"063";"04";"82";"03";"ARROYO AGUIAR";"3014";"1";"LA CAPITAL"
"06305";"063";"05";"82";"03";"ARROYO LEYES";"3000";"1";"LA CAPITAL"
"06306";"063";"06";"82";"03";"ASCOCHINGA";"0";"1";"LA CAPITAL"
"06307";"063";"07";"82";"03";"CABAL";"3034";"1";"LA CAPITAL"
"06308";"063";"08";"82";"03";"CAMPO ANDINO";"0";"1";"LA CAPITAL"
"06309";"063";"09";"82";"03";"CAMPO CRESPO";"0";"1";"LA CAPITAL"
"06310";"063";"10";"82";"03";"CANDIOTI";"3018";"1";"LA CAPITAL"
"06311";"063";"11";"82";"03";"COLASTINE";"0";"1";"LA CAPITAL"
"06312";"063";"12";"82";"03";"CONSTITUYENTES";"0";"1";"LA CAPITAL"
"06313";"063";"13";"82";"03";"EMILIA";"3036";"1";"LA CAPITAL"
"06314";"063";"14";"82";"03";"IRIONDO";"0";"1";"LA CAPITAL"
"06315";"063";"15";"82";"03";"LAGUNA PAIVA";"3020";"1";"LA CAPITAL"
"06316";"063";"16";"82";"03";"LA GUARDIA";"0";"1";"LA CAPITAL"
"06317";"063";"17";"82";"03";"LLAMBI CAMPBELL";"3036";"1";"LA CAPITAL"
"06318";"063";"18";"82";"03";"MANUCHO";"0";"1";"LA CAPITAL"
"06319";"063";"19";"82";"03";"MONTE VERA";"3014";"1";"LA CAPITAL"
"06320";"063";"20";"82";"03";"NELSON";"3032";"1";"LA CAPITAL"
"06321";"063";"21";"82";"03";"RECREO";"3018";"1";"LA CAPITAL"
"06322";"063";"22";"82";"03";"RINCON NORTE";"0";"1";"LA CAPITAL"
"06323";"063";"23";"82";"03";"RINCON DE AVILA";"0";"1";"LA CAPITAL"
"06324";"063";"24";"82";"03";"SAUCE VIEJO";"3016";"1";"LA CAPITAL"
"06325";"063";"25";"82";"03";"SAN JOSE DEL RINCON";"0";"1";"LA CAPITAL"
"06326";"063";"26";"82";"03";"SAN PEDRO";"3021";"1";"LA CAPITAL"
"06327";"063";"27";"82";"03";"SANTA FE";"3000";"1";"LA CAPITAL"
"06328";"063";"28";"82";"03";"SANTO TOME";"3016";"1";"LA CAPITAL"
"06329";"063";"29";"82";"03";"VILLA LAURA";NULL;"1";"LA CAPITAL"
"06399";"063";"99";"82";"03";"LOCALIDAD NO ESPECIFICADA";"0";"1";"LA CAPITAL"
"07001";"070";"01";"82";"03";"CAVOUR";"3081";"1";"LAS COLONIAS"
"07002";"070";"02";"82";"03";"CORONEL RODRIGUEZ";"0";"1";"LAS COLONIAS"
"07003";"070";"03";"82";"03";"CULULU";"3023";"1";"LAS COLONIAS"
"07004";"070";"04";"82";"03";"ELISA";"3029";"1";"LAS COLONIAS"
"07005";"070";"05";"82";"03";"EMPALME SAN CARLOS";"3007";"1";"LAS COLONIAS"
"07006";"070";"06";"82";"03";"ESPERANZA";"3080";"1";"LAS COLONIAS"
"07007";"070";"07";"82";"03";"FELICIA";"3087";"1";"LAS COLONIAS"
"07008";"070";"08";"82";"03";"FRANCK";"3009";"1";"LAS COLONIAS"
"07009";"070";"09";"82";"03";"GRUTLY";"3083";"1";"LAS COLONIAS"
"07010";"070";"10";"82";"03";"HIPATIA";"3023";"1";"LAS COLONIAS"
"07011";"070";"11";"82";"03";"HUMBOLDT";"3081";"1";"LAS COLONIAS"
"07012";"070";"12";"82";"03";"ITUZAINGO";"2311";"1";"LAS COLONIAS"
"07013";"070";"13";"82";"03";"JACINTO L ARAUZ";"3027";"1";"LAS COLONIAS"
"07014";"070";"14";"82";"03";"LA PELADA";"3027";"1";"LAS COLONIAS"
"07015";"070";"15";"82";"03";"LAS TUNAS";"3009";"1";"LAS COLONIAS"
"07016";"070";"16";"82";"03";"MARIA LUISA";"3025";"1";"LAS COLONIAS"
"07017";"070";"17";"82";"03";"MARIANO SAAVEDRA";"2318";"1";"LAS COLONIAS"
"07018";"070";"18";"82";"03";"MATILDE";"3017";"1";"LAS COLONIAS"
"07019";"070";"19";"82";"03";"NUEVO TORINO";"3087";"1";"LAS COLONIAS"
"07020";"070";"20";"82";"03";"PILAR";"3085";"1";"LAS COLONIAS"
"07021";"070";"21";"82";"03";"PUJATO NORTE";"2123";"1";"LAS COLONIAS"
"07022";"070";"22";"82";"03";"PUJOL";"0";"1";"LAS COLONIAS"
"07023";"070";"23";"82";"03";"PROGRESO";"3023";"1";"LAS COLONIAS"
"07024";"070";"24";"82";"03";"PROVIDENCIA";"3025";"1";"LAS COLONIAS"
"07025";"070";"25";"82";"03";"RIVADAVIA";"3081";"1";"LAS COLONIAS"
"07026";"070";"26";"82";"03";"SAN AGUSTIN";"3017";"1";"LAS COLONIAS"
"07027";"070";"27";"82";"03";"SAN CARLOS CENTRO";"3013";"1";"LAS COLONIAS"
"07028";"070";"28";"82";"03";"SAN CARLOS NORTE";"3009";"1";"LAS COLONIAS"
"07029";"070";"29";"82";"03";"SAN CARLOS SUD";"3013";"1";"LAS COLONIAS"
"07030";"070";"30";"82";"03";"SAN JERONIMO DEL SAUCE";"3009";"1";"LAS COLONIAS"
"07031";"070";"31";"82";"03";"SAN JERONIMO NORTE";"3011";"1";"LAS COLONIAS"
"07032";"070";"32";"82";"03";"SAN JOSE";"3016";"1";"LAS COLONIAS"
"07033";"070";"33";"82";"03";"SANTA CLARA DE B VISTA";"2258";"1";"LAS COLONIAS"
"07034";"070";"34";"82";"03";"SANTA MARIA";"3011";"1";"LAS COLONIAS"
"07035";"070";"35";"82";"03";"SANTA MARIA NORTE";"3011";"1";"LAS COLONIAS"
"07036";"070";"36";"82";"03";"SANTO DOMINGO";"3025";"1";"LAS COLONIAS"
"07037";"070";"37";"82";"03";"SAN WENDELINO";"0";"1";"LAS COLONIAS"
"07038";"070";"38";"82";"03";"SAA PEREYRA";"2318";"1";"LAS COLONIAS"
"07039";"070";"39";"82";"03";"SARMIENTO";"3023";"1";"LAS COLONIAS"
"07040";"070";"40";"82";"03";"SOUTOMAYOR";"3025";"1";"LAS COLONIAS"
"07099";"070";"99";"82";"03";"LOCALIDAD NO ESPECIFICADA";"0";"1";"LAS COLONIAS"
"07701";"077";"01";"82";"02";"ANTONIO PINI";"0";"1";"9 DE JULIO"
"07702";"077";"02";"82";"02";"CAMPO GARAY";"3066";"1";"9 DE JULIO"
"07703";"077";"03";"82";"02";"ESTEBAN RAMS";"3066";"1";"9 DE JULIO"
"07704";"077";"04";"82";"02";"FORTIN ATAHUALPA";"0";"1";"9 DE JULIO"
"07705";"077";"05";"82";"02";"FORTIN SEIS";"0";"1";"9 DE JULIO"
"07706";"077";"06";"82";"02";"GATO COLORADO";"3541";"1";"9 DE JULIO"
"07707";"077";"07";"82";"02";"EL NOCHERO - GREG.PEREZ DENIS - LOS SALA";"3041";"1";"9 DE JULIO"
"07708";"077";"08";"82";"02";"KILOMETRO 421";"0";"1";"9 DE JULIO"
"07709";"077";"09";"82";"02";"LOS CHAÑARES";"0";"1";"9 DE JULIO"
"07710";"077";"10";"82";"02";"LOGROÑO";"3066";"1";"9 DE JULIO"
"07711";"077";"11";"82";"02";"MOGOTES";"0";"1";"9 DE JULIO"
"07712";"077";"12";"82";"02";"MONTEFIORE";"2341";"1";"9 DE JULIO"
"07713";"077";"13";"82";"02";"NUEVA ITALIA";"0";"1";"9 DE JULIO"
"07714";"077";"14";"82";"02";"POZO BORRADO";"3061";"1";"9 DE JULIO"
"07715";"077";"15";"82";"02";"P ITURRALDE";"0";"1";"9 DE JULIO"
"07716";"077";"16";"82";"02";"SANTA MARGARITA";"3061";"1";"9 DE JULIO"
"07717";"077";"17";"82";"02";"TACUARU";"0";"1";"9 DE JULIO"
"07718";"077";"18";"82";"02";"TOSTADO";"3060";"1";"9 DE JULIO"
"07719";"077";"19";"82";"02";"TRES POZOS";"0";"1";"9 DE JULIO"
"07720";"077";"20";"82";"02";"VILLA MINETTI";"3061";"1";"9 DE JULIO"
"07799";"077";"99";"82";"02";"LOCALIDAD NO ESPECIFICADA";"0";"1";"9 DE JULIO"
"08401";"084";"01";"82";"04";"ACEBAL";"2109";"1";"ROSARIO"
"08402";"084";"02";"82";"04";"ALBARELLOS";"2101";"1";"ROSARIO"
"08403";"084";"03";"82";"04";"ALVAREZ";"2107";"1";"ROSARIO"
"08404";"084";"04";"82";"04";"ALVEAR";"2126";"1";"ROSARIO"
"08405";"084";"05";"82";"04";"ARMINDA";"2119";"1";"ROSARIO"
"08406";"084";"06";"82";"04";"ARROYO SECO";"2128";"1";"ROSARIO"
"08407";"084";"07";"82";"04";"CARMEN DEL SAUCE";"2109";"1";"ROSARIO"
"08408";"084";"08";"82";"04";"CORONEL BOGADO";"2103";"1";"ROSARIO"
"08409";"084";"09";"82";"04";"CNEL RFO S DOMINGUEZ";"2105";"1";"ROSARIO"
"08410";"084";"10";"82";"04";"FIGHIERA";"2126";"1";"ROSARIO"
"08411";"084";"11";"82";"04";"FUNES";"2132";"1";"ROSARIO"
"08412";"084";"12";"82";"04";"GENERAL LAGOS";"2126";"1";"ROSARIO"
"08413";"084";"13";"82";"04";"GRANADERO BAIGORRIA";"2152";"1";"ROSARIO"
"08414";"084";"14";"82";"04";"IBARLUCEA";"2142";"1";"ROSARIO"
"08415";"084";"15";"82";"04";"LA CAROLINA";"0";"1";"ROSARIO"
"08416";"084";"16";"82";"04";"MONTE FLORES";"0";"1";"ROSARIO"
"08417";"084";"17";"82";"04";"PEREZ";"2121";"1";"ROSARIO"
"08418";"084";"18";"82";"04";"PIÑEIRO";"2119";"1";"ROSARIO"
"08419";"084";"19";"82";"04";"PUEBLO ESTHER";"2126";"1";"ROSARIO"
"08420";"084";"20";"82";"04";"PUEBLO MUÑOZ";"2119";"1";"ROSARIO"
"08421";"084";"21";"82";"04";"PUEBLO NUEVO";"0";"1";"ROSARIO"
"08422";"084";"22";"82";"04";"ROSARIO";"2000";"1";"ROSARIO"
"08423";"084";"23";"82";"04";"SOLDINI";"2107";"1";"ROSARIO"
"08424";"084";"24";"82";"04";"URANGA";"2105";"1";"ROSARIO"
"08425";"084";"25";"82";"04";"VILLA AMELIA";"2101";"1";"ROSARIO"
"08426";"084";"26";"82";"04";"VILLA DIEGO";"0";"1";"ROSARIO"
"08427";"084";"27";"82";"04";"VILLA GDOR GALVEZ";"2124";"1";"ROSARIO"
"08428";"084";"28";"82";"04";"ZAVALLA";"2123";"1";"ROSARIO"
"08499";"084";"99";"82";"04";"LOCALIDAD NO ESPECIFICADA";"0";"1";"ROSARIO"
"09101";"091";"01";"82";"02";"AGUARA GRANDE";"3071";"1";"SAN CRISTOBAL"
"09102";"091";"02";"82";"02";"AMBROSETTI";"2352";"1";"SAN CRISTOBAL"
"09103";"091";"03";"82";"02";"ARRUFO";"2344";"1";"SAN CRISTOBAL"
"09104";"091";"04";"82";"02";"CAPIVARA";"2311";"1";"SAN CRISTOBAL"
"09105";"091";"05";"82";"02";"CERES";"2340";"1";"SAN CRISTOBAL"
"09106";"091";"06";"82";"02";"COLONIA ANASI";"2345";"1";"SAN CRISTOBAL"
"09107";"091";"07";"82";"02";"COLONIA DOS ROSAS";"0";"1";"SAN CRISTOBAL"
"09108";"091";"08";"82";"02";"COLONIA BOSSI";"2326";"1";"SAN CRISTOBAL"
"09109";"091";"09";"82";"02";"COLONIA ROSA";"2347";"1";"SAN CRISTOBAL"
"09110";"091";"10";"82";"02";"CONSTANZA";"2311";"1";"SAN CRISTOBAL"
"09111";"091";"11";"82";"02";"CURUPAYTI";"2342";"1";"SAN CRISTOBAL"
"09112";"091";"12";"82";"02";"HERSILIA";"2352";"1";"SAN CRISTOBAL"
"09113";"091";"13";"82";"02";"HUANQUEROS";"3076";"1";"SAN CRISTOBAL"
"09114";"091";"14";"82";"02";"LA CABRAL";"3074";"1";"SAN CRISTOBAL"
"09115";"091";"15";"82";"02";"LA CLARA";"3025";"1";"SAN CRISTOBAL"
"09116";"091";"16";"82";"02";"LA LUCILA";"3072";"1";"SAN CRISTOBAL"
"09117";"091";"17";"82";"02";"LA RUBIA";"2342";"1";"SAN CRISTOBAL"
"09118";"091";"18";"82";"02";"LAS AVISPAS";"3072";"1";"SAN CRISTOBAL"
"09119";"091";"19";"82";"02";"LAS PALMERAS";"2326";"1";"SAN CRISTOBAL"
"09120";"091";"20";"82";"02";"MARIA EUGENIA";"0";"1";"SAN CRISTOBAL"
"09121";"091";"21";"82";"02";"MOISES VILLE";"2313";"1";"SAN CRISTOBAL"
"09122";"091";"22";"82";"02";"MONIGOTES";"2342";"1";"SAN CRISTOBAL"
"09123";"091";"23";"82";"02";"MONTE OBSCURIDAD";"2349";"1";"SAN CRISTOBAL"
"09124";"091";"24";"82";"02";"ÑANDUCITA";"3072";"1";"SAN CRISTOBAL"
"09125";"091";"25";"82";"02";"PALACIOS";"2326";"1";"SAN CRISTOBAL"
"09126";"091";"26";"82";"02";"PETRONILA";"0";"1";"SAN CRISTOBAL"
"09127";"091";"27";"82";"02";"PORTUGALETE";"3071";"1";"SAN CRISTOBAL"
"09128";"091";"28";"82";"02";"RINCON DEL QUEBRACHO";"0";"1";"SAN CRISTOBAL"
"09129";"091";"29";"82";"02";"SAN CRISTOBAL";"3070";"1";"SAN CRISTOBAL"
"09130";"091";"30";"82";"02";"SAN GUILLERMO";"2347";"1";"SAN CRISTOBAL"
"09131";"091";"31";"82";"02";"SANTURCE";"3074";"1";"SAN CRISTOBAL"
"09132";"091";"32";"82";"02";"SOLEDAD";"3025";"1";"SAN CRISTOBAL"
"09133";"091";"33";"82";"02";"SUARDI";"2349";"1";"SAN CRISTOBAL"
"09134";"091";"34";"82";"02";"VILLA SARALEGUI";"3046";"1";"SAN CRISTOBAL"
"09135";"091";"35";"82";"02";"VILLA TRINIDAD";"2345";"1";"SAN CRISTOBAL"
"09136";"091";"36";"82";"02";"VISCACHERAS";"0";"1";"SAN CRISTOBAL"
"09140";"091";"40";"82";"02";"EL LUCERO";NULL;"1";"SAN CRISTOBAL"
"09199";"091";"99";"82";"02";"LOCALIDAD NO ESPECIFICADA";"0";"1";"SAN CRISTOBAL"
"09801";"098";"01";"82";"03";"ALEJANDRA";"3051";"1";"SAN JAVIER"
"09802";"098";"02";"82";"03";"CACIQUE ARIACAIQUIN";"3041";"1";"SAN JAVIER"
"09803";"098";"03";"82";"03";"COLONIA CALIFORNIA";"0";"1";"SAN JAVIER"
"09804";"098";"04";"82";"01";"COLONIA DURAN";"3553";"1";"SAN JAVIER"
"09805";"098";"05";"82";"01";"COLONIA EL GUSANO";"0";"1";"SAN JAVIER"
"09806";"098";"06";"82";"03";"COLONIA FRANCESA";"3005";"1";"SAN JAVIER"
"09807";"098";"07";"82";"10";"COLONIA INDIGENA";"0";"1";"SAN JAVIER"
"09808";"098";"08";"82";"01";"COLONIA SAGER";"0";"1";"SAN JAVIER"
"09809";"098";"09";"82";"10";"COLONIA SAN JOSE";"0";"1";"SAN JAVIER"
"09810";"098";"10";"82";"03";"COLONIA TERESA";"0";"1";"SAN JAVIER"
"09811";"098";"11";"82";"10";"COSTA DEL TOBA";"0";"1";"SAN JAVIER"
"09812";"098";"12";"82";"10";"EL TAJAMAR";"0";"1";"SAN JAVIER"
"09813";"098";"13";"82";"03";"LA BRAVA";"3045";"1";"SAN JAVIER"
"09814";"098";"14";"82";"01";"LAS CATALINAS";"0";"1";"SAN JAVIER"
"09815";"098";"15";"82";"01";"LOS CORRALITOS";"0";"1";"SAN JAVIER"
"09816";"098";"16";"82";"01";"ROMANG";"3555";"1";"SAN JAVIER"
"09817";"098";"17";"82";"03";"SAN JAVIER";"3005";"1";"SAN JAVIER"
"09820";"098";"20";"82";"03";"SAN ROQUE";"0";"1";"SAN JAVIER"
"09821";"098";"21";"82";"03";"SAN JOAQUIN";NULL;"1";"SAN JAVIER"
"09822";"098";"22";"82";"03";"LOS JACINTOS";NULL;"1";"SAN JAVIER"
"09823";"098";"23";"82";"03";"COLONIA YATAY";NULL;"1";"SAN JAVIER"
"09824";"098";"24";"82";"01";"NUEVA ROMANG";NULL;"1";"SAN JAVIER"
"09899";"098";"99";"82";"01";"LOCALIDAD NO ESPECIFICADA";"0";"1";"SAN JAVIER"
"10501";"105";"01";"82";"03";"AROCENA";"2242";"1";"SAN JERONIMO"
"10502";"105";"02";"82";"03";"BARRANCAS";"2246";"1";"SAN JERONIMO"
"10503";"105";"03";"82";"03";"BERNARDO DE IRIGOYEN, ESTACION";"2248";"1";"SAN JERONIMO"
"10504";"105";"04";"82";"10";"CAMPO PIAGGIO";"2252";"1";"SAN JERONIMO"
"10505";"105";"05";"82";"03";"CASALEGNO";"2222";"1";"SAN JERONIMO"
"10506";"105";"06";"82";"04";"CENTENO";"2148";"1";"SAN JERONIMO"
"10507";"105";"07";"82";"03";"CORONDA";"2240";"1";"SAN JERONIMO"
"10508";"105";"08";"82";"03";"DESVIO ARIJON";"2242";"1";"SAN JERONIMO"
"10509";"105";"09";"82";"04";"DIAZ";"2222";"1";"SAN JERONIMO"
"10510";"105";"10";"82";"03";"PUEBLO IRIGOYEN";"2248";"1";"SAN JERONIMO"
"10511";"105";"11";"82";"04";"PUERTO GABOTO";"2208";"1";"SAN JERONIMO"
"10512";"105";"12";"82";"03";"GALVEZ";"2252";"1";"SAN JERONIMO"
"10513";"105";"13";"82";"03";"GESSLER";"2253";"1";"SAN JERONIMO"
"10514";"105";"14";"82";"03";"LARRECHEA";"2241";"1";"SAN JERONIMO"
"10515";"105";"15";"82";"03";"LOMA ALTA";"2253";"1";"SAN JERONIMO"
"10516";"105";"16";"82";"03";"LOPEZ";"2255";"1";"SAN JERONIMO"
"10517";"105";"17";"82";"04";"MACIEL";"2208";"1";"SAN JERONIMO"
"10518";"105";"18";"82";"04";"MONJE";"2212";"1";"SAN JERONIMO"
"10519";"105";"19";"82";"03";"OROÑO";"0";"1";"SAN JERONIMO"
"10520";"105";"20";"82";"03";"PUERTO ARAGON";"0";"1";"SAN JERONIMO"
"10521";"105";"21";"82";"03";"SAN EUGENIO";"2241";"1";"SAN JERONIMO"
"10522";"105";"22";"82";"03";"SAN FABIAN";"2242";"1";"SAN JERONIMO"
"10523";"105";"23";"82";"04";"SAN GENARO";"2146";"1";"SAN JERONIMO"
"10524";"105";"24";"82";"04";"SAN GENARO NORTE";"2147";"1";"SAN JERONIMO"
"10599";"105";"99";"82";"03";"LOCALIDAD NO ESPECIFICADA";"0";"1";"SAN JERONIMO"
"11201";"112";"01";"82";"03";"ANGELONI";"3048";"1";"SAN JUSTO"
"11202";"112";"02";"82";"03";"CAYASTACITO";"3038";"1";"SAN JUSTO"
"11203";"112";"03";"82";"03";"COLONIA DOLORES";"3045";"1";"SAN JUSTO"
"11204";"112";"04";"82";"03";"COLONIA LA BLANCA";"0";"1";"SAN JUSTO"
"11205";"112";"05";"82";"03";"COLONIA OVEJITAS";"0";"1";"SAN JUSTO"
"11206";"112";"06";"82";"03";"COLONIA SILVA";"3042";"1";"SAN JUSTO"
"11207";"112";"07";"82";"03";"EL FORTIN";"0";"1";"SAN JUSTO"
"11208";"112";"08";"82";"03";"ESTER";"3036";"1";"SAN JUSTO"
"11209";"112";"09";"82";"03";"GOBERNADOR CRESPO";"3044";"1";"SAN JUSTO"
"11210";"112";"10";"82";"03";"LA CAMILA";"3054";"1";"SAN JUSTO"
"11211";"112";"11";"82";"03";"LA CRIOLLA";"3052";"1";"SAN JUSTO"
"11212";"112";"12";"82";"03";"LA PENCA Y CARAGUATA";"3045";"1";"SAN JUSTO"
"11213";"112";"13";"82";"03";"LA PEPITA";"0";"1";"SAN JUSTO"
"11214";"112";"14";"82";"03";"PEDRO GOMEZ CELLO";"3054";"1";"SAN JUSTO"
"11215";"112";"15";"82";"03";"LOS SALADILLOS";"0";"1";"SAN JUSTO"
"11216";"112";"16";"82";"03";"LUCIANO LEIVA";"0";"1";"SAN JUSTO"
"11217";"112";"17";"82";"03";"MARCELINO ESCALADA";"3042";"1";"SAN JUSTO"
"11218";"112";"18";"82";"03";"MIGUEL ESCALADA";"0";"1";"SAN JUSTO"
"11219";"112";"19";"82";"03";"NARE";"3046";"1";"SAN JUSTO"
"11220";"112";"20";"82";"03";"NANDUBAY";"0";"1";"SAN JUSTO"
"11221";"112";"21";"82";"03";"PAIKIN";"0";"1";"SAN JUSTO"
"11222";"112";"22";"82";"03";"RAMAYON";"3042";"1";"SAN JUSTO"
"07723";"077";"23";"82";"02";"SAN BERNARDO";"3061";"1";"9 DE JULIO"
"11224";"112";"24";"82";"03";"SAN JUSTO";"3040";"1";"SAN JUSTO"
"11225";"112";"25";"82";"03";"SAN MARTIN NORTE";"3045";"1";"SAN JUSTO"
"11226";"112";"26";"82";"03";"VERA MUJICA";"0";"1";"SAN JUSTO"
"11227";"112";"27";"82";"03";"VERA Y PINTADO";"3054";"1";"SAN JUSTO"
"11228";"112";"28";"82";"03";"VIDELA";"3048";"1";"SAN JUSTO"
"11229";"112";"29";"82";"03";"VILLA LASTOMIA";"0";"1";"SAN JUSTO"
"11299";"112";"99";"82";"03";"LOCALIDAD NO ESPECIFICADA";"0";"1";"SAN JUSTO"
"11901";"119";"01";"82";"04";"ALDAO";"2214";"1";"SAN LORENZO"
"11902";"119";"02";"82";"04";"CAPITAN BERMUDEZ";"2154";"1";"SAN LORENZO"
"11903";"119";"03";"82";"04";"CARCARAÑA";"2138";"1";"SAN LORENZO"
"11904";"119";"04";"82";"04";"CORONEL ARNOLD";"2123";"1";"SAN LORENZO"
"11905";"119";"05";"82";"04";"FRAY LUIS BELTRAN";"2156";"1";"SAN LORENZO"
"11906";"119";"06";"82";"04";"FUENTES";"2171";"1";"SAN LORENZO"
"11907";"119";"07";"82";"04";"JESUS MARIA-TIMBUES";"2204";"1";"SAN LORENZO"
"11908";"119";"08";"82";"04";"LUIS PALACIOS-LA SALADA";"2142";"1";"SAN LORENZO"
"11909";"119";"09";"82";"04";"MAIZALEZ";"0";"1";"SAN LORENZO"
"11910";"119";"10";"82";"04";"PUERTO SAN MARTIN";"2202";"1";"SAN LORENZO"
"11911";"119";"11";"82";"04";"PUJATO";"2123";"1";"SAN LORENZO"
"11912";"119";"12";"82";"04";"RICARDONE";"2201";"1";"SAN LORENZO"
"11913";"119";"13";"82";"04";"ROLDAN";"2134";"1";"SAN LORENZO"
"11914";"119";"14";"82";"04";"SAN JERONIMO SUD";"2136";"1";"SAN LORENZO"
"11915";"119";"15";"82";"04";"SAN LORENZO";"2200";"1";"SAN LORENZO"
"11916";"119";"16";"82";"04";"VILLA MUGUETA";"2175";"1";"SAN LORENZO"
"11917";"119";"17";"82";"04";"VILLA VISTA";"0";"1";"SAN LORENZO"
"11999";"119";"99";"82";"04";"LOCALIDAD NO ESPECIFICADA";"0";"1";"SAN LORENZO"
"12601";"126";"01";"82";"04";"CAÑADA ROSQUIN";"2454";"1";"SAN MARTIN"
"12602";"126";"02";"82";"04";"CARLOS PELLEGRINI";"2453";"1";"SAN MARTIN"
"12603";"126";"03";"82";"04";"CASAS";"2148";"1";"SAN MARTIN"
"12604";"126";"04";"82";"04";"COLONIA BELGRANO";"2257";"1";"SAN MARTIN"
"12605";"126";"05";"82";"04";"COLONIA CASTELAR";"2401";"1";"SAN MARTIN"
"12606";"126";"06";"82";"04";"CRISPI";"2441";"1";"SAN MARTIN"
"12607";"126";"07";"82";"04";"EL TREBOL";"2535";"1";"SAN MARTIN"
"12608";"126";"08";"82";"04";"KILOMETRO 465";"0";"1";"SAN MARTIN"
"12609";"126";"09";"82";"04";"LANDETA";"2531";"1";"SAN MARTIN"
"12610";"126";"10";"82";"04";"LAS BANDURRIAS";"2148";"1";"SAN MARTIN"
"12611";"126";"11";"82";"04";"LAS PETACAS";"2441";"1";"SAN MARTIN"
"12612";"126";"12";"82";"04";"LOS CARDOS";"2533";"1";"SAN MARTIN"
"12613";"126";"13";"82";"04";"MARIA SUSANA";"2527";"1";"SAN MARTIN"
"12614";"126";"14";"82";"04";"PIAMONTE";"2529";"1";"SAN MARTIN"
"12615";"126";"15";"82";"04";"SAN JORGE";"2451";"1";"SAN MARTIN"
"12616";"126";"16";"82";"04";"S.MARTIN DE LAS ESCOBAS";"2449";"1";"SAN MARTIN"
"12617";"126";"17";"82";"04";"SASTRE";"2440";"1";"SAN MARTIN"
"12618";"126";"18";"82";"04";"TRAILL";"2456";"1";"SAN MARTIN"
"12619";"126";"19";"82";"04";"WILDERMUTH";"0";"1";"SAN MARTIN"
"12699";"126";"99";"82";"04";"LOCALIDAD NO ESPECIFICADA";"0";"1";"SAN MARTIN"
"13301";"133";"01";"82";"01";"CALCHAQUI";"3050";"1";"VERA"
"13302";"133";"02";"82";"01";"CAÑADA OMBU";"3551";"1";"VERA"
"13303";"133";"03";"82";"01";"CARAGUATAY";"0";"1";"VERA"
"13304";"133";"04";"82";"01";"CERRITO";"0";"1";"VERA"
"13305";"133";"05";"82";"01";"COLMENA";"0";"1";"VERA"
"13306";"133";"06";"82";"01";"DESVIO KILOMETRO 282";"0";"1";"VERA"
"13307";"133";"07";"82";"01";"ESPIN";"0";"1";"VERA"
"13308";"133";"08";"82";"01";"FORTIN CHARRUA";"0";"1";"VERA"
"13309";"133";"09";"82";"01";"FORTIN CHILCAS";"0";"1";"VERA"
"13310";"133";"10";"82";"01";"FORTIN OLMOS";"3553";"1";"VERA"
"13311";"133";"11";"82";"01";"GARABATO";"3551";"1";"VERA"
"13312";"133";"12";"82";"01";"GOLONDRINA";"3551";"1";"VERA"
"13313";"133";"13";"82";"01";"GUAYCURU";"0";"1";"VERA"
"13314";"133";"14";"82";"01";"INTIYACO";"3551";"1";"VERA"
"13315";"133";"15";"82";"01";"KILOMETRO 101";"0";"1";"VERA"
"13316";"133";"16";"82";"01";"KILOMETRO 213";"0";"1";"VERA"
"13317";"133";"17";"82";"01";"KILOMETRO 302";"0";"1";"VERA"
"13318";"133";"18";"82";"01";"KILOMETRO 320";"0";"1";"VERA"
"13319";"133";"19";"82";"01";"KILOMETRO 348";"0";"1";"VERA"
"13320";"133";"20";"82";"01";"LOS TABANOS (K.366)";"0";"1";"VERA"
"13321";"133";"21";"82";"01";"KILOMETRO 374";"0";"1";"VERA"
"13322";"133";"22";"82";"01";"LA GALLARETA";"3057";"1";"VERA"
"13323";"133";"23";"82";"01";"LA HOSCA";"0";"1";"VERA"
"13324";"133";"24";"82";"01";"LA ZULEMA";"0";"1";"VERA"
"13325";"133";"25";"82";"01";"LAS CHUÑAS";"0";"1";"VERA"
"13326";"133";"26";"82";"01";"LAS GAMAS";"0";"1";"VERA"
"13327";"133";"27";"82";"01";"LOS AMORES";"3551";"1";"VERA"
"13328";"133";"28";"82";"01";"MARGARITA";"3056";"1";"VERA"
"13329";"133";"29";"82";"01";"OGILVIE";"0";"1";"VERA"
"13330";"133";"30";"82";"01";"PARAJE 29";"0";"1";"VERA"
"13331";"133";"31";"82";"01";"SANTA FELICIA";"0";"1";"VERA"
"13332";"133";"32";"82";"01";"SANTA LUCIA";"0";"1";"VERA"
"13333";"133";"33";"82";"01";"TARTAGAL";"3550";"1";"VERA"
"13334";"133";"34";"82";"01";"TOBA";"3051";"1";"VERA"
"13335";"133";"35";"82";"01";"VERA";"3550";"1";"VERA"
"13336";"133";"36";"82";"01";"YERBA BUENA";"0";"1";"VERA"
"13337";"133";"37";"82";"01";"PARAJE EL 17";NULL;"1";"VERA"
"13338";"133";"38";"82";"01";"KILOMETRO 115";NULL;"1";"VERA"
"13339";"133";"39";"82";"01";"POZOS DE LOS INDIOS";NULL;"1";"VERA"
"13399";"133";"99";"82";"01";"LOCALIDAD NO ESPECIFICADA";"0";"1";"VERA"
"11223";"112";"23";"82";"03";"SAN BERNARDO";"3061";"1";"SAN JUSTO"
"02154";"021";"54";"82";"02";"CASTELLANOS";NULL;"1";"CASTELLANOS"
